제목,채널(FULL) [아만자] EP.1 나는 오늘 갑자기 암 환자가 되었다.,채널명 : 아만자
[아만자] EP.1 투병은... 가족들에게 알리면서 시작된다.,채널명 : 아만자
[VLOG] 공주영(Feat.본캐 박지훈) 자취방 랜선집들이에 초대합니다🏡💗 | 연애혁명 매주 (목) 저녁 5시 공개!,채널명 : 연애혁명
(FULL) [연애혁명] EP.1 공주와 왕자, 우린 운명(?)이야,채널명 : 연애혁명
＂가온이가 네 딸이 아니라니! 이게 무슨 소리야?!＂ 날벼락 맞은 부가네ㅠㅠ,채널명 : 기막힌 유산
[과거회상] 드디어 태어난 딸에게 이준기가 느끼는 감정,채널명 : 악의 꽃
[스윗민재♥] “이거 드세요” 김민재, 박은빈 커피 보고 바로 바꾸는 배려!,채널명 : 브람스를 좋아하세요?
＂날 좀 살려줬으면 좋겠어요..＂ 밀쳐내는 임수향을 꽉 껴안는 하석진,채널명 : 내가 가장 예뻤을 때
＂삼촌이랑 나랑 아무 사이도 아니라고!＂ 뜻밖의 진실에 충격받은 박신우...,채널명 : 기막힌 유산
박은빈, 악보 넘기려다 닿은 김민재 손에 ‘수줍은 미소’,채널명 : 브람스를 좋아하세요?
[메이킹] 첫 촬영부터 화기애애한 이곳, 청춘이들 케미 보고 가세요~♥,채널명 : 청춘기록
[에필로그] 아름다운 신부, 엄채영의 결혼식에 온 네 명의 아빠들🌈,채널명 : 우리, 사랑했을까
＂좀 나중에 오지 그랬어요.＂ 임수향에게 진심을 고백하는 지수,채널명 : 내가 가장 예뻤을 때
[해피엔딩] 운명처럼 재회한 송지효와 손호준 ＂다시 만나니까 좋다♥＂,채널명 : 우리, 사랑했을까
“왜 나 버렸어요?” 길정우, 친아빠 김형범에 원망!,채널명 : 엄마가 바람났다
※전세 역전※ 갑질하던 전 매니저에게 제대로 복수하는 오윤아♨ ＂이걸 다요? 저 혼자요?＂,채널명 : 한 번 다녀왔습니다
＂가자! 상견례 하러^^＂ ♥다희의 변신은 무죄♥ 다정히 손 맞잡은 두 사람~,채널명 : 한 번 다녀왔습니다
현쥬니, 친엄마 아닌 사실 알고 있는 길정우에 ‘오열’,채널명 : 엄마가 바람났다
＂내가 피해자인데, 말이 돼요?!＂ 법원에서도 싸우는 심이영과 원기준,채널명 : 찬란한 내 인생
[2회 하이라이트] 김희선에게 다가가 와락! 껴안는 주원 (비주얼 맛집..★),채널명 : 앨리스
[엔딩맛집♥] 주원, 대학교에서 강의 중인 김희선에게 다가가 포옹!,채널명 : 앨리스
[의문 엔딩] 배수빈의 밀실 속 증거를 가져간 인물의 정체,채널명 : 우아한 친구들
